state,stay_home_days,workplace_close_days,school_close_days,stringency_mar_dec_2020,stringency_2021
AK,33,112,364,60.9,41.4
AL,88,110,382,51.0,33.9
AR,0,306,283,55.0,37.5
AZ,46,234,364,56.3,33.7
CA,156,455,504,65.7,44.1
CO,62,308,491,61.9,40.1
CT,0,411,528,67.9,40.2
DC,58,401,264,70.9,45.1
DE,113,356,526,65.3,42.5
FL,368,224,270,59.6,31.8
GA,34,100,344,61.2,37.9
HI,321,475,452,72.3,59.0
IA,0,126,314,51.8,31.8
ID,37,268,246,58.4,37.6
IL,97,69,323,60.7,39.5
IN,18,95,603,55.4,38.7
KS,35,118,385,59.4,37.2
KY,57,121,381,67.7,41.6
LA,58,547,558,63.1,52.3
MA,0,431,431,62.9,46.4
MD,63,188,505,65.3,39.6
ME,67,240,211,74.1,39.7
MI,58,362,477,64.8,41.0
MN,52,130,518,61.7,38.2
MO,239,70,308,52.0,35.6
MS,59,62,438,56.4,34.7
MT,330,77,233,58.3,35.2
NC,121,346,422,65.3,43.5
ND,0,42,309,46.0,33.2
NE,13,95,186,57.6,32.6
NH,81,93,357,55.6,38.7
NJ,90,231,509,61.8,38.0
NM,0,429,398,78.1,44.1
NV,38,247,386,60.2,39.5
NY,78,358,529,72.7,42.1
OH,142,190,463,63.6,39.2
OK,38,55,476,47.1,41.4
OR,89,399,392,62.2,44.4
PA,74,214,484,62.0,35.2
RI,70,362,315,68.4,42.4
SC,38,71,351,53.4,37.1
SD,0,55,206,46.9,31.6
TN,54,310,386,59.5,37.5
TX,62,340,482,57.7,38.7
UT,0,78,356,53.8,34.3
VA,123,99,472,59.1,39.1
VT,43,220,456,64.6,40.6
WA,70,350,433,66.5,46.3
WI,55,70,454,57.0,39.5
WV,42,112,358,60.3,35.5
WY,0,60,256,61.2,42.8
