,N,mean,sd,min,max
"Childcare-worker mean annual wage (OEWS 39-9011), $",1215.0000,27373.4815,4337.1018,19540.0000,41700.0000
"Per-capita income, $",1228.0000,36156.1368,10504.0660,8318.0000,89702.0000
Total population,1228.0000,231862.6327,506835.1737,50.0000,9936690.0000
Own children under 6,1228.0000,15440.8713,34274.9535,0.0000,616046.0000
Children under 6 with all parents in labor force,1228.0000,10419.9186,22637.0145,0.0000,406465.0000
"Median gross rent (rent + utilities), $/month",1227.0000,1051.7669,341.8992,330.0000,2805.0000
Share of women 25+ with bachelor's degree or higher,1228.0000,0.3013,0.1070,0.0812,0.7761
"Share of women 16-64 working full-time, year-round",1228.0000,0.4367,0.0683,0.1648,0.7143
Share of population under 6,1228.0000,0.0629,0.0121,0.0000,0.1093
Share of population under 6 with all parents working,1228.0000,0.0423,0.0094,0.0000,0.0695
