year,age,N,mean_real,ci_lo,ci_hi,median_real,mean_nominal,mean_real_balanced
2015,Infant (0-23 mo),1003,214.16,209.20,219.11,195.09,173.44,202.29
2015,Toddler (24-35 mo),1003,188.64,184.60,192.67,172.86,152.78,182.61
2015,Preschool (36-54 mo),1003,175.96,172.51,179.41,159.63,142.51,168.52
2016,Infant (0-23 mo),1025,212.40,207.73,217.07,197.54,174.19,202.97
2016,Toddler (24-35 mo),1025,187.69,183.91,191.48,175.28,153.93,183.68
2016,Preschool (36-54 mo),1025,174.58,171.30,177.85,158.52,143.17,169.72
2017,Infant (0-23 mo),1063,218.29,213.58,223.00,200.58,182.83,203.74
2017,Toddler (24-35 mo),1063,193.15,189.28,197.02,179.09,161.78,184.33
2017,Preschool (36-54 mo),1063,179.54,176.09,182.98,164.16,150.37,170.29
2018,Infant (0-23 mo),1062,217.89,213.29,222.50,203.96,186.96,204.53
2018,Toddler (24-35 mo),1063,192.14,188.40,195.88,180.13,164.86,184.51
2018,Preschool (36-54 mo),1063,179.12,175.76,182.49,168.08,153.69,171.34
2019,Infant (0-23 mo),1062,219.80,215.17,224.43,205.06,192.01,207.82
2019,Toddler (24-35 mo),1063,193.01,189.30,196.72,179.97,168.61,186.59
2019,Preschool (36-54 mo),1063,180.47,177.12,183.83,168.63,157.66,174.16
2020,Infant (0-23 mo),1062,223.38,218.65,228.12,206.12,197.55,212.28
2020,Toddler (24-35 mo),1063,195.56,191.74,199.39,179.79,172.95,189.82
2020,Preschool (36-54 mo),1063,183.25,179.79,186.72,168.34,162.06,177.87
2021,Infant (0-23 mo),916,204.14,199.04,209.25,189.00,189.02,210.44
2021,Toddler (24-35 mo),916,183.64,179.31,187.97,167.16,170.03,187.69
2021,Preschool (36-54 mo),918,172.81,169.01,176.61,159.89,160.00,177.01
2022,Infant (0-23 mo),1012,214.95,209.84,220.07,198.93,214.95,200.45
2022,Toddler (24-35 mo),1011,186.46,182.36,190.55,170.00,186.46,178.87
2022,Preschool (36-54 mo),1013,175.09,171.39,178.78,162.50,175.09,169.13
